{
  "train": [
    {
      "loss": 3.16392220556736,
      "main_loss": 0.6608824101426909,
      "aux_loss": 11.467551962021858,
      "accuracy": 0.8182963709677419,
      "lr": 0.001
    },
    {
      "loss": 0.7799365546914839,
      "main_loss": 0.355899773237686,
      "aux_loss": 1.7366890075706667,
      "accuracy": 0.8876008064516129,
      "lr": 0.001
    }
  ],
  "val": [
    {
      "loss": 0.3629870976914059,
      "main_loss": 0.3629870976914059,
      "accuracy": 0.8421052631578947,
      "confusion_matrix": [
        [
          0,
          0,
          0,
          38
        ],
        [
          0,
          197,
          0,
          127
        ],
        [
          0,
          0,
          0,
          0
        ],
        [
          0,
          0,
          0,
          683
        ]
      ],
      "class_metrics": {
        "class_0": {
          "precision": 0.0,
          "recall": 0.0,
          "f1": 0.0
        },
        "class_1": {
          "precision": 1.0,
          "recall": 0.6080246913580247,
          "f1": 0.7562380038387716
        },
        "class_2": {
          "precision": 0.0,
          "recall": 0.0,
          "f1": 0.0
        },
        "class_3": {
          "precision": 0.8054245283018868,
          "recall": 1.0,
          "f1": 0.8922273024167211
        }
      }
    },
    {
      "loss": 0.28351682006728934,
      "main_loss": 0.28351682006728934,
      "accuracy": 0.8650717703349282,
      "confusion_matrix": [
        [
          0,
          0,
          0,
          38
        ],
        [
          0,
          221,
          0,
          103
        ],
        [
          0,
          0,
          0,
          0
        ],
        [
          0,
          0,
          0,
          683
        ]
      ],
      "class_metrics": {
        "class_0": {
          "precision": 0.0,
          "recall": 0.0,
          "f1": 0.0
        },
        "class_1": {
          "precision": 1.0,
          "recall": 0.6820987654320988,
          "f1": 0.8110091743119265
        },
        "class_2": {
          "precision": 0.0,
          "recall": 0.0,
          "f1": 0.0
        },
        "class_3": {
          "precision": 0.8288834951456311,
          "recall": 1.0,
          "f1": 0.9064366290643664
        }
      }
    }
  ],
  "experiment_name": "pulse_experiment_20260130_233906",
  "timestamp": "2026-01-30T23:51:55.116276"
}